topic_no,score,title,date,link,source
0,0.9651645,राष्ट्रपतिले गरिन् दुई विधेयक प्रमाणीकरण,"शुक्रबार, असार २४, २०७९",https://www.setopati.com/politics/276287,Setopati
0,0.962452,आर्थिक विधेयक र राष्ट्र ऋण उठाउने विधेयक राष्ट्रपतिबाट प्रमाणीकरण ,"बुधबार, असोज १३, २०७८",https://www.setopati.com/politics/250277,Setopati
0,0.9575937,राष्ट्रपतिद्वारा प्रदेश लोकसेवा र लेखापरीक्षण विधेयक प्रमाणीकरण,"शुक्रबार, चैत १५, २०७५",https://www.setopati.com/politics/177874,Setopati
0,0.95567894,राष्ट्रपतिद्वारा दुई विधेयक प्रमाणीकरण,"सोमबार, फागुन २०, २०७५",https://www.setopati.com/politics/176464,Setopati
0,0.94720554,राष्ट्रपतिद्वारा तीन विधेयक प्रमाणीकरण,"आइतबार, असोज २३, २०७९",https://www.setopati.com/politics/284214,Setopati
0,0.9251566,राष्ट्रपति भण्डारीद्वारा तीन विधेयक प्रमाणीकरण,"शुक्रबार, असोज २४, २०७६",https://www.setopati.com/politics/191292,Setopati
0,0.9224047,राष्ट्रपतिबाट खानेपानीसम्बन्धी विधेयक जारी,"बुधबार, भदौ २२, २०७९",https://www.setopati.com/politics/281719,Setopati
0,0.91488904,राष्ट्रपतिले जारी गरिन् तीन अध्यादेश,"सोमबार, असोज १२, २०७७",https://www.setopati.com/politics/218139,Setopati
1,0.96184814,बञ्चरेडाँडा संघर्ष समितिसँग भोलि बिहान ८ बजे सहरी विकास मन्त्रालयमा वार्ता,"बिहीबार, जेठ २६, २०७९",https://www.setopati.com/politics/273639,Setopati
1,0.9477972,मेयर बालेनलाई प्रधानमन्त्रीले भने- बञ्चरेडाँडाका स्थानीयबासीसँग पनि छलफल गर्नू,"बिहीबार, जेठ २६, २०७९",https://www.setopati.com/politics/273666,Setopati
1,0.8854315,प्रधानमन्त्रीसँग छलफल गर्ने भन्दै छाडियो बञ्चरेडाँडाबाट पक्राउ परेका तीन जनालाई,"बिहीबार, जेठ २६, २०७९",https://www.setopati.com/politics/273624,Setopati
1,0.8738667,"बञ्चरेडाँडामा आज घर छाडेर डाँडा माथिमाथि उक्ले गाउँलेहरू, तलतल प्रहरी","बुधबार, जेठ २५, २०७९",https://www.setopati.com/politics/273557,Setopati
1,0.8431836,बञ्चरेडाँडामा आज बिहान के भयो? सम्झौताप्रति किन असहमत छन् स्थानीय?,"मंगलबार, जेठ २४, २०७९",https://www.setopati.com/politics/273393,Setopati
1,0.83232224,आजदेखि सिंहदरबारको फोहोर उठ्दैन: मेयर बालेन ,"शनिबार, चैत २५, २०७९",https://www.setopati.com/politics/299029,Setopati
1,0.82949084,आमसभामा भएका फोहोर कार्यकर्ताले उठाए (तस्बिरहरू),"शुक्रबार, माघ २३, २०७७",https://www.setopati.com/politics/228527,Setopati
1,0.81082726,बञ्चरेडाँडाबाट पक्राउ परेका संघर्ष समितिका संयोजक ढुंगानासहित तीन जना अझै प्रहरी नियन्त्रणमा,"बुधबार, जेठ २५, २०७९",https://www.setopati.com/politics/273576,Setopati
2,0.8465723,जनआन्दोलनका 'जिउँदा सहिद' मुकेश कायस्थको निधनप्रति प्रधानमन्त्री प्रचण्डले गरे दुःख व्यक्त,"बिहीबार, वैशाख २८, २०८०",https://www.setopati.com/politics/301784,Setopati
2,0.8440485,"प्रधानमन्त्रीले हात उठाए, विप्लवले गरे लालसलाम","शुक्रबार, फागुन २१, २०७७",https://www.setopati.com/politics/231124,Setopati
2,0.81637746,"नेपालीमा ट्विट गर्दै मोदीले दिए सीता दाहाललाई श्रद्धाञ्जली, प्रधानमन्त्री प्रचण्डप्रति समवेदना","बुधबार, असार २७, २०८०",https://www.setopati.com/politics/306785,Setopati
2,0.8148242,"पूर्वराज्यमन्त्री मीना पाण्डेको निधन, कांग्रेसले तीन दिन झन्डा आधा झुकाउने","मंगलबार, जेठ १६, २०८०",https://www.setopati.com/politics/303453,Setopati
2,0.81469125,विप्लव समूहकी काठमाडौं इञ्चार्ज बूढानिलकण्ठबाट पक्राउ,"बुधबार, साउन १५, २०७६",https://www.setopati.com/politics/186832,Setopati
2,0.812715,विप्लव समूहले भन्यो-प्रहरीको प्रतिरोध गर्दा इञ्चार्ज नीरकुमार मारिए,"शुक्रबार, असार २७, २०७६",https://www.setopati.com/politics/185582,Setopati
2,0.80510604,ओलीसँग एकै मञ्चमा देखिनुअघि नवलपुरमा झुल्किए विप्लव,"शुक्रबार, फागुन २१, २०७७",https://www.setopati.com/politics/231090,Setopati
3,0.9647501,बालुवाटारको दुई अर्ब पर्ने १४ रोपनी जग्गा अझै ढकाल र सुवेदीका नाममा  ,"सोमबार, वैशाख १६, २०७६",https://www.setopati.com/politics/179657,Setopati
3,0.9354581,बालुवाटारको जग्गा व्यक्तिका नाममा पुर्‍याएको भन्दै विजय गच्छदार र दीप बस्न्यातलाई भ्रष्टाचार मुद्दा,"बुधबार, माघ २२, २०७६",https://www.setopati.com/politics/199124,Setopati
3,0.9164854,बालुवाटार जग्गा प्रकरण: गृहले दियो सिआइबीमा जाहेरी,"आइतबार, फागुन ४, २०७६",https://www.setopati.com/politics/199815,Setopati
3,0.90892446,बालुवाटार जग्गा प्रकरणका मुख्य योजनाकार ढकाल र सुवेदीले दिए अख्तियारमा बयान,"शुक्रबार, साउन २४, २०७६",https://www.setopati.com/politics/187493,Setopati
3,0.90553474,बालुवाटार जग्गा प्रकरण : चार पूर्वमन्त्रीदेखि भाटभटेनीका सञ्चालकसम्मलाई भ्रष्टाचार मुद्दा,"बुधबार, माघ २२, २०७६",https://www.setopati.com/politics/199136,Setopati
3,0.90461063,बालुवाटारको सरकारी जग्गाबारे सिआइबीले बुझायो छानबिन प्रतिवेदन,"शुक्रबार, माघ १७, २०७६",https://www.setopati.com/politics/198791,Setopati
3,0.89890885,बालुवाटार प्रकरणमा भ्रष्टाचारको अभियोग लागेका गच्छदार अदालतमा हाजिर ,"बुधबार, असार ३०, २०७८",https://www.setopati.com/politics/243168,Setopati
3,0.88831073,नेकपा महासचिव विष्णु पौडेलको बालुवाटारस्थित आठ आना जग्गा रोक्का,"आइतबार, वैशाख १५, २०७६",https://www.setopati.com/politics/179556,Setopati
4,0.9967916,युक्रेनबाट के चाहन्छन् पुटिन?,"बिहीबार, फागुन १२, २०७८",https://www.setopati.com/politics/262996,Setopati
4,0.9887833,युक्रेनी सेनाले फिर्ता लियो रूसले कब्जा गरेको सहर,"आइतबार, भदौ २६, २०७९",https://www.setopati.com/politics/282080,Setopati
4,0.9881075,रूसी आक्रमणमा ४० युक्रेनियनको मृत्यु,"बिहीबार, फागुन १२, २०७८",https://www.setopati.com/politics/263040,Setopati
4,0.98628247,हास्य कलाकारबाट राष्ट्रपति बनेर पुटिनसँग लडिरहेका जेलेन्स्की,"शुक्रबार, फागुन १३, २०७८",https://www.setopati.com/politics/263153,Setopati
4,0.9858629,९१ प्रतिशत युक्रेनीको समर्थन छ राष्ट्रपति जेलेन्स्कीलाई,"सोमबार, फागुन १६, २०७८",https://www.setopati.com/politics/263363,Setopati
4,0.980091,फर्किन थाले युक्रेनको सीमामा पुगेका रूसी सैनिक,"मंगलबार, फागुन ३, २०७८",https://www.setopati.com/politics/262284,Setopati
4,0.9784495,झ्यालमा बालुवाका बोरा राखेर युक्रेनी राष्ट्रपतिको पत्रकार सम्मेलन,"शुक्रबार, फागुन २०, २०७८",https://www.setopati.com/politics/263706,Setopati
4,0.97731984,इजरायल-हमास युद्ध: अहिलेसम्म २१०० जनाको मृत्यु,"बुधबार, असोज २४, २०८०",https://www.setopati.com/politics/313702,Setopati
5,0.863387,प्रधानमन्त्री देउवाले गरे बुटवल सम्मेलन केन्द्रको उद्घाटन,"शनिबार, भदौ ११, २०७९",https://www.setopati.com/politics/280682,Setopati
5,0.82805955,"निर्माण थालिएको बाह्र वर्षपछि बन्यो तिनाउ पुल, गृहमन्त्री खाणले गरे उद्घाटन","आइतबार, असार १२, २०७९",https://www.setopati.com/politics/275124,Setopati
5,0.8045951,पुल उद्घाटन गर्न प्रधानमन्त्री ओली दाङमा,"सोमबार, माघ १२, २०७७",https://www.setopati.com/politics/227454,Setopati
5,0.8011571,दाङमा राजधानीका संरचना छिटो निर्माण गर्छौं : मन्त्री चौधरी,"शनिबार, साउन ३०, २०७८",https://www.setopati.com/politics/246105,Setopati
6,0.9906222,नेपाल बारले प्रधानन्यायाधीशको राजीनामा माग्ने,"सोमबार, कात्तिक ८, २०७८",https://www.setopati.com/politics/252158,Setopati
6,0.9828876,समितिसमक्ष जबराको दोस्रो दिनको बयान सुरू,"बिहीबार, भदौ १६, २०७९",https://www.setopati.com/politics/281146,Setopati
6,0.9808735,बयान दिन आज पनि सिंहदरबार पुगे चोलेन्द्रशमशेर,"बिहीबार, भदौ १६, २०७९",https://www.setopati.com/politics/281142,Setopati
6,0.97621024,चोलेन्द्रशमशेरलाई सर्वोच्च छिर्न नदिन नेपाल बारले गेटमा धर्ना दिने,"बुधबार, मंसिर २१, २०७९",https://www.setopati.com/politics/289142,Setopati
6,0.9744328,दीपकराज जोशी फेरि प्रधानन्यायाधीशको रोष्टरमा,"मंगलबार, मंसिर ११, २०७५",https://www.setopati.com/politics/170475,Setopati
6,0.9674965,प्रस्तावित प्रधानन्यायाधीश विश्वम्भरप्रसाद श्रेष्ठको संसदीय सुनुवाइ जारी,"सोमबार, भदौ ४, २०८०",https://www.setopati.com/politics/309862,Setopati
6,0.95765114,प्रधानन्यायाधीशमा सिफारिस चोलेन्द्रशमशेर जबराको सुनुवाइ प्रक्रिया सुरू,"आइतबार, पुस १, २०७५",https://www.setopati.com/politics/171637,Setopati
6,0.9550955,"जोशीको न्यायाधीश पद कायमै, अब को होलान् प्रधानन्यायाधीश ?","शुक्रबार, साउन १८, २०७५",https://www.setopati.com/politics/164540,Setopati
7,0.98427004,ओली र देउवालाई भेटेपछि भट्टराईको निवासमा छलफल गर्दै जसपा शीर्ष नेता,"आइतबार, वैशाख २६, २०७८",https://www.setopati.com/politics/236987,Setopati
7,0.9812469,"बालुवाटारमा प्रधानमन्त्री देउवा, प्रचण्ड र नेपालबीच भेटवार्ता","आइतबार, भदौ १३, २०७८",https://www.setopati.com/politics/247376,Setopati
7,0.9773221,प्रधानमन्त्री प्रचण्ड र एमाले अध्यक्ष ओलीबीच छलफलपछि बोलाइयो उच्चस्तरीय राजनीतिक संयन्त्रको बैठक,"सोमबार, माघ २, २०७९",https://www.setopati.com/politics/292281,Setopati
7,0.97732115,प्रधानमन्त्री देउवासँग भेटेपछि प्रचण्डले गरे माधव नेपालसँग छलफल,"बिहीबार, साउन १४, २०७८",https://www.setopati.com/politics/244596,Setopati
7,0.9773146,मन्त्रिपरिषद र सत्ता साझेदार दलको बैठक बस्दै,"बिहीबार, पुस २८, २०७९",https://www.setopati.com/politics/291912,Setopati
7,0.97561467,जसपा कार्यकारिणी समितिको बैठक स्थगित,"बिहीबार, चैत ५, २०७७",https://www.setopati.com/politics/232239,Setopati
7,0.974987,"सकियो सत्ता गठबन्धनको बैठक, न्यूनतम साझा कार्यक्रमको मस्यौदा पेश","मंगलबार, चैत १४, २०७९",https://www.setopati.com/politics/298104,Setopati
7,0.9685455,माधव नेपाललाई भेटे प्रचण्ड र उपेन्द्र यादवले,"मंगलबार, साउन ५, २०७८",https://www.setopati.com/politics/243745,Setopati
8,0.9604024,थप दुई सय अर्ब डलरका चिनियाँ सामानमा २५ प्रतिशत कर लगाउने ट्रम्पको घोषणा,"मंगलबार, वैशाख २४, २०७६",https://www.setopati.com/politics/180186,Setopati
8,0.9368259,चीनले छोडेन ताइवान वरिपरि सैन्य अभ्यास गर्न,"सोमबार, साउन २३, २०७९",https://www.setopati.com/politics/279034,Setopati
8,0.93315303,अमेरिकाले लगायो थप २ सय अर्ब डलरका चिनियाँ सामानमा २५ प्रतिशत कर,"शुक्रबार, वैशाख २७, २०७६",https://www.setopati.com/politics/180367,Setopati
8,0.93015367,किन ताइवान गइन् पेलोसी?,"बुधबार, साउन १८, २०७९",https://www.setopati.com/politics/278605,Setopati
8,0.9236721,नेपाली एयरलाइन्सलाई अनुमति नदिएको चीन उडान संख्या थप्ने लविङमा,"शुक्रबार, जेठ ३१, २०७६",https://www.setopati.com/politics/182555,Setopati
8,0.9170893,ताइवानलक्षित चीनको सैन्य अभ्यासलाई अमेरिकाले भन्यो- उत्तेजक र गैर जिम्मेवार,"आइतबार, साउन २२, २०७९",https://www.setopati.com/politics/278931,Setopati
8,0.9132802,ताइवान गएकी पेलोसीमाथि चीनले घोषणा गर्‍यो प्रतिबन्ध,"शुक्रबार, साउन २०, २०७९",https://www.setopati.com/politics/278816,Setopati
8,0.9018284,"ट्रम्प भन्छन्- राष्ट्रपति सीले सुन्दर चिठी पठाएका छन्, व्यापार वार्ता टुंगिन सक्छ","शुक्रबार, वैशाख २७, २०७६",https://www.setopati.com/politics/180357,Setopati
9,0.9948115,पूर्वमन्त्री टोपबहादुर रायमाझीका छोरा सन्दीप बुटवलबाट पक्राउ,"बुधबार, वैशाख २०, २०८०",https://www.setopati.com/politics/301196,Setopati
9,0.9943299,एमाले सचिव टोपबहादुर रायमाझी र उनका छोराविरूद्ध पनि पक्राउ पुर्जी,"बुधबार, वैशाख २०, २०८०",https://www.setopati.com/politics/301137,Setopati
9,0.99412495,पूर्वगृहमन्त्री बादलका छोराविरूद्ध पनि पक्राउ पुर्जी,"बुधबार, वैशाख २०, २०८०",https://www.setopati.com/politics/301144,Setopati
9,0.9912149,पूर्वगृहमन्त्री बालकृष्ण खाण उनकै निवासबाट पक्राउ ,"बुधबार, वैशाख २७, २०८०",https://www.setopati.com/politics/301678,Setopati
9,0.990342,नक्कली भुटानी शरणार्थी प्रकरणमा दोषी कोही नउम्किऊन् भनेर निर्देशन दिएको छु: गृहमन्त्री श्रेष्ठ,"बुधबार, वैशाख २०, २०८०",https://www.setopati.com/politics/301185,Setopati
9,0.9776396,"पक्राउ पुर्जी जारी भएपछि टोपबहादुर भन्छन्- दलालहरू के/के गर्छन्, मलाई केही थाहा छैन","बुधबार, वैशाख २०, २०८०",https://www.setopati.com/politics/301151,Setopati
9,0.96814287,सचिव पाण्डेलाई ३ दिन हिरासतमा राख्न अनुमति,"बुधबार, वैशाख २०, २०८०",https://www.setopati.com/politics/301159,Setopati
9,0.9593308,प्रहरी नियन्त्रणमा पूर्वगृहमन्त्री खाण (तस्बिरहरू),"बुधबार, वैशाख २७, २०८०",https://www.setopati.com/politics/301713,Setopati
10,0.9189738,डा. केसीलाई भेट्न पुगे अर्जुननरसिंह केसी,"मंगलबार, माघ १५, २०७५",https://www.setopati.com/politics/174321,Setopati
10,0.81347275,"माग पूरा गर अनसन तोड्छु, उठाएर काठमाडौं लैजाने होइन : डाक्टर केसी(अडियोसहित)","आइतबार, असार ३१, २०७५",https://www.setopati.com/politics/163428,Setopati
11,0.9773175,एमसिसीको प्रतिक्रिया- संसदीय अनुमोदनपछि कार्यान्वयनको बाटो खुल्यो,"बुधबार, फागुन १८, २०७८",https://www.setopati.com/politics/263551,Setopati
11,0.9444056,"आज एमसिसीको बोर्ड बैठक बस्दै, एजेन्डामा नेपाल पनि","मंगलबार, मंसिर २८, २०७८",https://www.setopati.com/politics/256839,Setopati
11,0.92302907,व्याख्यात्मक टिप्पणीसहित एमसिसी पास गर्ने माओवादी केन्द्रको निर्णय,"आइतबार, फागुन १५, २०७८",https://www.setopati.com/politics/263232,Setopati
11,0.9182378,एमसिसीलाई लेखिएको पत्रबारे प्रचण्डको सचिवालयले दियो प्रष्टीकरण,"आइतबार, माघ २३, २०७८",https://www.setopati.com/politics/261575,Setopati
11,0.9168048,जब सांसदहरूका हातमा पर्‍यो एमसिसीको १२ बुँदे व्याख्यात्मक घोषणा (तस्बिरहरू),"आइतबार, फागुन १५, २०७८",https://www.setopati.com/politics/263332,Setopati
11,0.8873309,संशोधन नगरी एमसिसी अनुमोदन गर्नु राष्ट्रघाती काम हुन्छ: भीम रावल,"बुधबार, साउन १३, २०७८",https://www.setopati.com/politics/244500,Setopati
11,0.8861271,एमसिसी पास गर्न ढिलाइ गरे पैसा अन्तै जान्छ: अमेरिकी सहायक विदेश मन्त्री,"शुक्रबार, मंसिर ३, २०७८",https://www.setopati.com/politics/254428,Setopati
11,0.87384343,देउवा र प्रचण्डलाई एमसिसीको जवाफ: फेब्रुअरी २८ सम्म निर्णय गर्नुभएन भने अर्को कदमबारे छलफल हुन्छ,"आइतबार, माघ २३, २०७८",https://www.setopati.com/politics/261511,Setopati
13,0.819764,विमान इन्जिन मर्मत तथा भाडासम्बन्धी टेन्डर आह्वान प्रक्रिया तत्काल रोक्न लेखा समितिको निर्देशन,"शुक्रबार, फागुन १०, २०७५",https://www.setopati.com/politics/175846,Setopati
13,0.8060135,विदेशमा पनि नेपाली पाठ्यक्रमअनुसार पठनपाठन सञ्चालन गर्न स्वीकृति,"शुक्रबार, चैत २७, २०७७",https://www.setopati.com/politics/234081,Setopati
14,0.98258233,"प्रधानमन्त्रीअघि देउवा बोल्न पाउनु पर्ने कांग्रेसको माग, संसद बैठक प्रभावित","मंगलबार, असार ३, २०७६",https://www.setopati.com/politics/182857,Setopati
14,0.9721372,एमाले सांसदको नाराबाजीपछि प्रतिनिधि सभा बैठक १५ मिनेटका लागि स्थगित,"शुक्रबार, भदौ २५, २०७८",https://www.setopati.com/politics/248491,Setopati
14,0.9651721,बोल्न नपाएको भन्दै कांग्रेस र राजपाले गरे संसद अवरूद्ध,"बिहीबार, असार २६, २०७६",https://www.setopati.com/politics/185496,Setopati
14,0.96387637,सदनमा उठेका प्रश्नको जवाफ दिन सभामुखको रूलिङ,"सोमबार, चैत २७, २०७९",https://www.setopati.com/politics/299237,Setopati
14,0.9605042,पहिला देउवा बोल्ने कि ओली भन्ने विवादले संसदमा हंगामा ( तस्बिरहरू),"मंगलबार, असार ३, २०७६",https://www.setopati.com/politics/182864,Setopati
14,0.95936656,सभामुख घिमिरेले बोलाए सर्वदलीय बैठक,"शनिबार, माघ ७, २०७९",https://www.setopati.com/politics/292698,Setopati
14,0.9591261,प्रधानमन्त्रीले सम्बोधन गर्न खोज्दा कांग्रेसद्वारा रोष्ट्रम घेराउ,"मंगलबार, असार ३, २०७६",https://www.setopati.com/politics/182859,Setopati
14,0.9520938,"संसदमा हंगामा, कड्किए प्रधानमन्त्री (तस्बिरहरू)","बुधबार, वैशाख २५, २०७६",https://www.setopati.com/politics/180213,Setopati
15,0.987954,रावलको सट्टा सुदूरपश्चिमको इन्चार्जमा लेखराज भट्टलाई नै निरन्तरता दिन ओलीको प्रस्ताव,"आइतबार, भदौ २७, २०७८",https://www.setopati.com/politics/248679,Setopati
15,0.9796815,नेपाल पक्षमा नलागेका स्थायी कमिटी सदस्यहरुको निष्कर्ष- दुवै पक्षले निर्णय सच्याउनुपर्छ,"बिहीबार, भदौ ३, २०७८",https://www.setopati.com/politics/246627,Setopati
15,0.979248,नेपाल पक्षीय कार्यदलका नेताको प्रस्ताव- शुक्रबारको संसदीय दल बैठक सारौं,"बिहीबार, असार ३१, २०७८",https://www.setopati.com/politics/243331,Setopati
15,0.97832423,नेपाल पक्षीय स्थायी कमिटी सदस्यको बैठक जारी,"बिहीबार, असार १७, २०७८",https://www.setopati.com/politics/242018,Setopati
15,0.97621316,"धुम्बाराही बैठकमा नेकपाका पाँच सचिवालय सदस्य सहभागी, बादल पनि गएनन्","शुक्रबार, कात्तिक २१, २०७७",https://www.setopati.com/politics/220944,Setopati
15,0.976211,महाधिवेशन आयोजक कमिटी बैठकअघि बालुवाटारमा एमाले स्थायी कमिटी बैठक बस्दै,"आइतबार, वैशाख १२, २०७८",https://www.setopati.com/politics/235617,Setopati
15,0.97364175,नेपाललाई साथ नदिएका एमाले नेताहरू ओलीसँग वार्ता गर्न बालकोटमा,"सोमबार, भदौ ७, २०७८",https://www.setopati.com/politics/246853,Setopati
15,0.97289175,पार्टीलाई २०७५ जेठ २ गतेको स्थितिमा फर्काउने एमालेको निर्णय,"मंगलबार, असार १५, २०७८",https://www.setopati.com/politics/241881,Setopati
17,0.8246744,"कालोमोसो दल्नेलाई पार्टीले तत्काल सदस्यता खारेज गर्छ, थप कारबाही गरिन्छ: महामन्त्री शर्मा","सोमबार, साउन ८, २०८०",https://www.setopati.com/politics/307748,Setopati
18,0.9876506,कांग्रेसले हिमाली जिल्लामा दसैंअघि नै जिल्ला अधिवेशन गर्ने,"बिहीबार, असोज ७, २०७८",https://www.setopati.com/politics/249747,Setopati
18,0.96952486,प्रदेश सभा निर्वाचन क्षेत्रमा आज कांग्रेसको अधिवेशन,"शुक्रबार, मंसिर ३, २०७८",https://www.setopati.com/politics/254363,Setopati
18,0.9576027,५७ उपसचिवको सरूवा (सूचीसहित),"मंगलबार, पुस २०, २०७८",https://www.setopati.com/politics/258687,Setopati
18,0.9509213,काठमाडौंमै कांग्रेसको वडा अधिवेशन अनिश्चित,"बिहीबार, भदौ १७, २०७८",https://www.setopati.com/politics/247744,Setopati
18,0.917759,प्रदेशमा अपुग कर्मचारी राख्न लोकसेवाबाट विज्ञापन खुलाइन्छ: मन्त्री पण्डित,"आइतबार, भदौ १५, २०७६",https://www.setopati.com/politics/188932,Setopati
18,0.907328,सङ्घीय मामिला तथा सामान्य प्रशासनले माग्यो स्थानीय तहसँग कर्मचारी विवरण,"आइतबार, भदौ २४, २०७५",https://www.setopati.com/politics/166646,Setopati
18,0.9024685,सरुवा रोकेर सरकारले थाल्यो कर्मचारी समायोजन,"बुधबार, मंसिर २६, २०७५",https://www.setopati.com/politics/171394,Setopati
18,0.89010084,"फागुन ३ भित्र कर्मचारी समायोजन सक्ने, फारम नभर्नेलाई पनि खटाइने","आइतबार, माघ ६, २०७५",https://www.setopati.com/politics/173727,Setopati
19,0.9349888,गृहका ४० अधिकारीको सरूवा तथा पदस्थापन (सूची),"बिहीबार, कात्तिक १६, २०८०",https://www.setopati.com/politics/315122,Setopati
19,0.912081,आजबाट निर्वाचन आचारसंहिता हट्यो,"मंगलबार, जेठ १०, २०७९",https://www.setopati.com/politics/272246,Setopati
19,0.91014475,विश्वराज पोखरेल एआइजीमा सिफारिस,"सोमबार, मंसिर १५, २०७७",https://www.setopati.com/politics/222540,Setopati
19,0.8939964,"सिंह, धानुक र पन्तलाई एआइजी बढुवा गर्ने मन्त्रिपरिषदको निर्णय","बिहीबार, चैत १७, २०७८",https://www.setopati.com/politics/266255,Setopati
19,0.881057,डिआइजी सहकुल थापा नेपाल प्रहरीको एआइजीमा बढुवा,"सोमबार, असार १४, २०७८",https://www.setopati.com/politics/241785,Setopati
19,0.8572119,एक वर्ष नपुग्दै नेपाल प्रहरीमा फेरि थपियो एआइजीको दरबन्दी,"सोमबार, असार १४, २०७८",https://www.setopati.com/politics/241784,Setopati
19,0.8528259,"तीन दिनभित्र एआइजी नियुक्ति अघि बढ्ने, प्रतिस्पर्धामा आधा दर्जन","शुक्रबार, फागुन ६, २०७८",https://www.setopati.com/politics/262558,Setopati
19,0.85122913,निर्वाचन आचारसंहिता राजपत्रमा प्रकाशित,"मंगलबार, भदौ १४, २०७९",https://www.setopati.com/politics/280946,Setopati
20,0.9271468,भेनजुयलामाथि अमेरिकी हस्तक्षेप अस्वीकार्य : प्रचण्ड,"शुक्रबार, माघ ११, २०७५",https://www.setopati.com/politics/174100,Setopati
20,0.91414344,भेनेजुयला ब्रिफिङ : भएको के हो?,"मंगलबार, माघ २२, २०७५",https://www.setopati.com/politics/174782,Setopati
20,0.89096814,अन्तर्राष्ट्रिय मानवीय सहायता रोक्ने मडुरोको उपाय,"शुक्रबार, माघ २५, २०७५",https://www.setopati.com/politics/174958,Setopati
20,0.8792872,अमेरिकाले पठाएको राहत रोक्न पुल बन्द गरेका मडुरो भन्छन्- रूसले सामान पठाउँदैछ,"मंगलबार, फागुन ७, २०७५",https://www.setopati.com/politics/175613,Setopati
20,0.8778032,प्रचण्डले अमेरिकाको आलोचना गरेको भेनेजुयला विवाद के हो?,"शनिबार, माघ १२, २०७५",https://www.setopati.com/politics/174115,Setopati
20,0.87683713,कोलम्बियासँगको पुलमा कन्टेनर तेर्स्याएका मडुरोले ब्राजिलतिरको सीमा पनि बन्द गर्ने,"शुक्रबार, फागुन १०, २०७५",https://www.setopati.com/politics/175834,Setopati
20,0.87047225,मडुरोका गुप्तचरले कारसहित उठाए गुवाइदोका उपाध्यक्ष,"बिहीबार, वैशाख २६, २०७६",https://www.setopati.com/politics/180306,Setopati
20,0.8201306,भेनेजुयलाबारे ओलीसँग सल्लाह नै नगरी प्रचण्डको विज्ञप्ति!,"आइतबार, माघ १३, २०७५",https://www.setopati.com/politics/174182,Setopati
21,0.91824156,के छ राष्ट्रपतिले प्रमाणीकरण गरेको नागरिकता विधेयकमा? (पूर्णपाठ),"शुक्रबार, जेठ १९, २०८०",https://www.setopati.com/politics/303662,Setopati
21,0.8874396,नयाँ कानुन अनुसार आइतबारदेखि नागरिकता दिइने,"शुक्रबार, जेठ १९, २०८०",https://www.setopati.com/politics/303720,Setopati
21,0.87841797,"गृह मन्त्रालय, बच्चा जन्माउने आमाले हो कि मावलीले?","शुक्रबार, चैत २४, २०७९",https://www.setopati.com/politics/298914,Setopati
21,0.86537635,प्रस्तावित कानुनअनुसार कसरी पाइन्छ आमाको नामबाट नागरिकता?,"मंगलबार, असार ९, २०७७",https://www.setopati.com/politics/209705,Setopati
21,0.85772663,रवि लामिछानेको नागरिकता र पासपोर्ट विवादमा काठमाडौं प्रहरीले थाल्यो अनुसन्धान,"शुक्रबार, मंसिर १६, २०७९",https://www.setopati.com/politics/288775,Setopati
21,0.8428946,बाबुको पहिचान नभएको स्वघोषणा गरे आमाको नामबाट नागरिकता पाइने,"आइतबार, जेठ ९, २०७८",https://www.setopati.com/politics/238421,Setopati
21,0.8406981,संसदमा नागरिकता विधेयक पारित भए के-के हुन्छ परिवर्तन?,"शुक्रबार, साउन ६, २०७९",https://www.setopati.com/politics/277540,Setopati
21,0.83877736,"राष्ट्रिय सभाबाट पनि नागरिकता विधेयक पारित, राष्ट्रपतिले प्रमाणीकरण गरेपछि लागू हुने","बिहीबार, साउन १२, २०७९",https://www.setopati.com/politics/278114,Setopati
22,0.9756178,भूकम्पपीडितलाई अस्थायी आवास बनाउन प्रतिपरिवार ५० हजार दिइने,"आइतबार, कात्तिक २६, २०८०",https://www.setopati.com/politics/315887,Setopati
22,0.9653708,बाढीपहिरो पीडितको उद्धार र राहतलाई प्रभावकारी बनाउन प्रचण्डको माग,"बुधबार, असार २, २०७८",https://www.setopati.com/politics/240619,Setopati
22,0.9624962,कांग्रेसले भूकम्प पीडितको सहयोगका लागि ५० लाख दिने,"शनिबार, कात्तिक १८, २०८०",https://www.setopati.com/politics/315241,Setopati
22,0.9437384,भूकम्प प्रभावितको उद्धार तथा राहतमा जुट्न राष्ट्रपतिको अपिल,"शनिबार, कात्तिक १८, २०८०",https://www.setopati.com/politics/315219,Setopati
22,0.9424575,कांग्रेसले सरकारलाई भन्यो- बझाङ भूकम्प प्रभावितलाई राहत देऊ,"बुधबार, असोज १७, २०८०",https://www.setopati.com/politics/313179,Setopati
22,0.94090044,बाढीपहिरो पीडितलाई राहत दिने सरकारको निर्णय,"बुधबार, कात्तिक ३, २०७८",https://www.setopati.com/politics/251709,Setopati
22,0.93559784,बझाङका भूकम्पपीडितलाई अस्थायी घर बनाउन सरकारले ५० हजार रुपैयाँ दिने,"शुक्रबार, असोज १९, २०८०",https://www.setopati.com/politics/313366,Setopati
22,0.91579235,"बाढीपहिरो प्रभावित क्षेत्रको निरीक्षण गर्न प्रधानमन्त्री देउवा सुदूरपश्चिम जाँदै, आज उतै बस्ने","बिहीबार, कात्तिक ४, २०७८",https://www.setopati.com/politics/251750,Setopati
23,0.9422143,"प्रकाशमानको छोरा पनि कांग्रेस राजनीतिमा, भए महाधिवेशन प्रतिनिधि","सोमबार, मंसिर ६, २०७८",https://www.setopati.com/politics/254664,Setopati
23,0.92512727,"अर्जुन नरसिंहको संयोजनमा कांग्रेसको महाधिवेशन केन्द्रित छलफल, सिटौलालाई पनि बोलाइयो","शुक्रबार, असार २५, २०७८",https://www.setopati.com/politics/242695,Setopati
23,0.91874665,शुक्रबार कांग्रेस केन्द्रीय कार्यसमिति बैठक बस्ने,"मंगलबार, भदौ ५, २०७५",https://www.setopati.com/politics/165544,Setopati
23,0.9134969,देउवासँग असन्तुष्ट कांग्रेस नेताको भेला सानेपामा,"बुधबार, साउन १४, २०७७",https://www.setopati.com/politics/212479,Setopati
23,0.9024837,कांग्रेस केन्द्रीय समिति बैठक जारी (लाइभ),"आइतबार, असोज ७, २०८०",https://www.setopati.com/politics/312282,Setopati
23,0.90026724,सानेपामा भेला भए पौडेल-सिटौला पक्षका ४० बढी जिल्ला सभापति,"सोमबार, पुस २१, २०७६",https://www.setopati.com/politics/197092,Setopati
23,0.90015346,पौडेलले बोलाए पार्टी कार्यालयमा जिल्ला सभापति भेला,"सोमबार, पुस २१, २०७६",https://www.setopati.com/politics/197074,Setopati
23,0.89926493,"कांग्रेसले बनायो केन्द्रीय कार्यसम्पादन समिति, को-को परे?","शुक्रबार, माघ १४, २०७८",https://www.setopati.com/politics/260808,Setopati
24,0.985659,प्रदेश नम्बर ७ मा २५अर्ब छ करोडको बजेट सार्वजनिक,"शुक्रबार, असार १, २०७५",https://www.setopati.com/politics/161849,Setopati
24,0.98289096,"यस्तो छ, आर्थिक वर्ष २०७६/०७७ को बजेट (पूर्णपाठसहित)","बिहीबार, जेठ १६, २०७६",https://www.setopati.com/politics/181626,Setopati
24,0.9303535,आगामी वर्षको आर्थिक वृद्धिदर साढे ८ प्रतिशत पुग्ने,"बिहीबार, जेठ १६, २०७६",https://www.setopati.com/politics/181615,Setopati
24,0.9205132,लुम्बिनी प्रदेश सरकारले ल्यायो ४० अर्ब ९५ करोड ९७ लाख नयाँ बजेट (पूर्णपाठसहित),"बुधबार, असोज २०, २०७८",https://www.setopati.com/politics/250924,Setopati
24,0.9205101,कर्णाली प्रदेश : कुन निकायलाई कति बजेट ?,"बिहीबार, असार १४, २०७५",https://www.setopati.com/politics/162539,Setopati
24,0.91610247,हेटौंडा उपमहानगरले ल्यायो दुई अर्ब ६० करोडको बजेट,"शनिबार, असार २, २०८०",https://www.setopati.com/politics/304879,Setopati
24,0.9110782,सात प्रदेशले ल्याउँदै छन् २ खर्ब बढीको बजेट,"शुक्रबार, असार १, २०७५",https://www.setopati.com/politics/161826,Setopati
24,0.90691686,यस्तो छ आर्थिक वर्ष २०७८-७९ को बजेट (पूर्णपाठ),"शनिबार, जेठ १५, २०७८",https://www.setopati.com/politics/238998,Setopati
25,0.99634796,तनहुँ-१ मा ९ वटा वडाको मतगणना बाँकी रहँदा स्वर्णिम वाग्लेलाई ५२ प्रतिशत मत,"सोमबार, वैशाख ११, २०८०",https://www.setopati.com/politics/300364,Setopati
25,0.99464184,"गोविन्द भट्टराईले कटाए १० हजार मत, स्वर्णिमले ल्याए सर्वेन्द्रको तेब्बर","सोमबार, वैशाख ११, २०८०",https://www.setopati.com/politics/300359,Setopati
25,0.9935425,तनहुँ-१ को मतगणना झन्डै आधा सकिँदा कसले कति मत पाए?,"सोमबार, वैशाख ११, २०८०",https://www.setopati.com/politics/300332,Setopati
25,0.9916657,तनहुँ–१ मा स्वर्णिम वाग्लेले अझै फराकिलो पारे मतान्तर ,"सोमबार, वैशाख ११, २०८०",https://www.setopati.com/politics/300324,Setopati
25,0.99144655,"तनहुँ-१ मा एक तिहाइ मतगणना सकियो, कसले कति पाए?","सोमबार, वैशाख ११, २०८०",https://www.setopati.com/politics/300299,Setopati
25,0.99088717,तनहुँमा झन्डै २० हजार मत गणना हुँदा कसले कति मत पाए?,"सोमबार, वैशाख ११, २०८०",https://www.setopati.com/politics/300296,Setopati
25,0.9907136,तनहुँमा साढे १८ हजार मत गन्दा स्वर्णिमले पाए १० हजार बढी मत,"सोमबार, वैशाख ११, २०८०",https://www.setopati.com/politics/300287,Setopati
25,0.9903458,१७ हजार मत गन्दा स्वर्णिमले झनै बढाए मतान्तर,"सोमबार, वैशाख ११, २०८०",https://www.setopati.com/politics/300285,Setopati
26,0.9008337,इमरान खान पाँच वर्षसम्म चुनाव लड्न अयोग्य ठहर,"शुक्रबार, कात्तिक ४, २०७९",https://www.setopati.com/politics/285198,Setopati
26,0.8953352,पाकिस्तानी प्रधानमन्त्रीमा इमरान खान निर्वाचित,"शुक्रबार, भदौ १, २०७५",https://www.setopati.com/politics/165364,Setopati
26,0.881171,भ्रष्टाचार र वंशवादविरूद्ध पाकिस्तानमा इमरानको उदय,"शुक्रबार, साउन ११, २०७५",https://www.setopati.com/politics/164142,Setopati
27,0.97880155,असंलग्न मुलुकहरूको बैठकमा सहभागी हुन परराष्ट्रमन्त्री खड्का ब्रेलग्रेडतर्फ,"शुक्रबार, असोज २२, २०७८",https://www.setopati.com/politics/251139,Setopati
27,0.97783,नेपाल र घानाबीच कूटनीतिक सम्बन्ध स्थापना,"बिहीबार, असोज ९, २०७६",https://www.setopati.com/politics/190567,Setopati
27,0.9767836,परराष्ट्रमन्त्री खड्का आज चीन भ्रमणमा जाँदै,"मंगलबार, साउन २४, २०७९",https://www.setopati.com/politics/279105,Setopati
27,0.9743301,परराष्ट्र सचिव पौडेलले भेटे चिनियाँ विदेश मन्त्री,"बिहीबार, चैत २३, २०७९",https://www.setopati.com/politics/298908,Setopati
27,0.97363466,प्रधानमन्त्री प्रचण्ड र चीनका समकक्षी ली छ्याङबीच भेटवार्ता,"सोमबार, असोज ८, २०८०",https://www.setopati.com/politics/312363,Setopati
27,0.97213566,परराष्ट्र मन्त्री ज्ञवालीले बेइजिङमा भेट चिनियाँ समकक्षी,"बिहीबार, असार १९, २०७६",https://www.setopati.com/politics/183949,Setopati
27,0.97213054,न्युयोर्कमा प्रधानमन्त्री प्रचण्ड र नर्वेका प्रधानमन्त्रीबीच भेटवार्ता,"बिहीबार, असोज ४, २०८०",https://www.setopati.com/politics/312076,Setopati
27,0.97044885,नेपाल-चीन परराष्ट्र मन्त्रीस्तरीय बैठक जारी,"सोमबार, भदौ २३, २०७६",https://www.setopati.com/politics/189464,Setopati
28,0.8455158,विराटनगरमा प्रहरी र प्रदर्शनकारीबीच झडप (तस्बिरहरू),"आइतबार, जेठ १४, २०८०",https://www.setopati.com/politics/303163,Setopati
30,0.98682183,कोशीका मुख्यमन्त्री कार्कीले आज विश्वासको मत लिने,"बुधबार, कात्तिक १, २०८०",https://www.setopati.com/politics/314200,Setopati
30,0.98641163,महिनादिनमै बिदा भयो कोशीको चौथो सरकार,"शनिबार, असोज २०, २०८०",https://www.setopati.com/politics/313416,Setopati
30,0.9847624,लुम्बिनीमा नयाँ सरकार बनाउन आज ३ बजेसम्म समय,"बिहीबार, साउन २८, २०७८",https://www.setopati.com/politics/245882,Setopati
30,0.98426735,विश्वासको मत नपाउने भएपछि शाक्यले दिने भइन् मुख्यमन्त्रीबाट राजीनामा,"बुधबार, कात्तिक १०, २०७८",https://www.setopati.com/politics/252324,Setopati
30,0.9834695,राजेन्द्र राईलाई प्रदेश-१ को मुख्यमन्त्री बनाउन सांसदको हस्ताक्षर संकलन,"सोमबार, कात्तिक १५, २०७८",https://www.setopati.com/politics/252771,Setopati
30,0.9831844,गण्डकीका मुख्यमन्त्री गुरूङले आज विश्वासको मत लिँदै,"बिहीबार, जेठ २७, २०७८",https://www.setopati.com/politics/240036,Setopati
30,0.9828891,केदार कार्कीलाई मुख्यमन्त्री नियुक्त गर्न माग गर्दै कांग्रेस–एमालेका सांसदहरू पुगे प्रदेश प्रमुखकोमा,"शुक्रबार, असोज २६, २०८०",https://www.setopati.com/politics/313913,Setopati
30,0.9822673,"गण्डकी सरकारबाट बाहिरिने माओवादीको निर्णय, मन्त्रीहरूले आजै राजीनामा दिने","शुक्रबार, चैत १०, २०७९",https://www.setopati.com/politics/297735,Setopati
31,0.99722934,"आलमको थुनछेक बहस आज सकिएन, भोलि फेरि","बिहीबार, कात्तिक २१, २०७६",https://www.setopati.com/politics/192878,Setopati
31,0.99702674,सर्वोच्चले माग्यो पूर्वमन्त्री आलमको कैफियत प्रतिवेदन,"आइतबार, असोज ४, २०७७",https://www.setopati.com/politics/217439,Setopati
31,0.9937289,"आलमको मुद्दामा थुनछेक बहस सकिएन, आइतबार पनि हुने","शुक्रबार, कात्तिक २२, २०७६",https://www.setopati.com/politics/192951,Setopati
31,0.99330544,'आफूले नहेर्ने' भन्दै छोडे न्यायाधीश रेग्मीले आलमको मुद्दा,"शुक्रबार, साउन २९, २०७८",https://www.setopati.com/politics/246018,Setopati
31,0.9913044,अदालतले पठायो आलमलाई थुनामा,"शुक्रबार, कात्तिक २९, २०७६",https://www.setopati.com/politics/193470,Setopati
31,0.9873975,आलमलाई राती नै नख्खु ल्याइयो,"शनिबार, कात्तिक ३०, २०७६",https://www.setopati.com/politics/193493,Setopati
31,0.9853516,आलमको बयान आज पनि सकिएन,"बुधबार, कात्तिक २०, २०७६",https://www.setopati.com/politics/192800,Setopati
31,0.9839036,"आलमको थुनछेक बहस सकियो, थुन्ने कि छोड्ने आदेश आजै","शुक्रबार, कात्तिक २९, २०७६",https://www.setopati.com/politics/193453,Setopati
32,0.96517545,"थपिए १७१ कोरोना संक्रमित, निको भए २२७","बिहीबार, माघ २२, २०७७",https://www.setopati.com/politics/228412,Setopati
32,0.8845461,काठमाडौंमा उपत्यकामा ३३४ संक्रमित थपिए,"आइतबार, साउन ३, २०७८",https://www.setopati.com/politics/243608,Setopati
32,0.8790228,२ महिने शिशुसहित पर्साका १७ जनामा देखियो कोरोना,"बुधबार, वैशाख २४, २०७७",https://www.setopati.com/politics/205630,Setopati
32,0.8693678,लकडाउन ५ जेठसम्म लम्ब्याउने मन्त्रिपरिषद निर्णय,"बुधबार, वैशाख २४, २०७७",https://www.setopati.com/politics/205608,Setopati
32,0.8679174,"स्वास्थ्य मन्त्री ढकालले भने- देशभर २६ सय आइसियू छन्, उपकरण अभाव हुन दिँदैनौं ","मंगलबार, कात्तिक ४, २०७७",https://www.setopati.com/politics/219963,Setopati
32,0.8544764,"'कोरोनाको तेस्रो लहर सुरू हुने लक्षण देखिन थालेका छन्, अत्यन्त आवश्यकमा मात्र बाहिर निस्कनू'","शनिबार, साउन २३, २०७८",https://www.setopati.com/politics/245439,Setopati
32,0.84610236,यस्ता छन् सिसिएमसी बैठकका निर्णय,"शनिबार, चैत २८, २०७७",https://www.setopati.com/politics/234155,Setopati
32,0.84320474,भुटानमा पुनः लकडाउन,"बुधबार, पुस ८, २०७७",https://www.setopati.com/politics/224535,Setopati
33,0.9326958,"प्रचण्डले प्रधानमन्त्री बन्ने इच्छा देखाउनुभयो, तर ढिलो गर्नुभयो: ओली (भिडिओ)","शनिबार, पुस ९, २०७९",https://www.setopati.com/politics/290345,Setopati
33,0.91677743,ओलीलाई प्रचण्डको चुनौती- एक्लै लडेर प्रधानमन्त्री बनेर देखाउनुस्,"शनिबार, जेठ १४, २०७९",https://www.setopati.com/politics/272514,Setopati
33,0.9166995,अप्ठ्यारो पर्दा पिठ्युँ फर्काएर भागिँदैन : माधव नेपाल,"शनिबार, साउन ३०, २०७८",https://www.setopati.com/politics/246111,Setopati
33,0.91310966,बदलिएको कांग्रेसले मात्रै मुलुक बदल्न सक्छः गगन थापा,"सोमबार, असार ४, २०८०",https://www.setopati.com/politics/305093,Setopati
33,0.9098401,"बोल्ने धेरै, सुन्ने कम भयो: माधव नेपाल","बिहीबार, जेठ २, २०७६",https://www.setopati.com/politics/180660,Setopati
33,0.8764616,प्रचण्डलाई लक्षित गर्दै प्रधानमन्त्री ओलीले भने- लाटाकोशेराहरू घाम लागेका ठाउँमा टिक्न सक्दैनन्,"शुक्रबार, पुस २४, २०७७",https://www.setopati.com/politics/226009,Setopati
33,0.8722134,"स्पष्टीकरणबाट तर्सेका छैनौं, मैदान छोडेर भाग्नेवाला छैनौं: माधव नेपाल","मंगलबार, चैत १०, २०७७",https://www.setopati.com/politics/232716,Setopati
33,0.8704631,"गगनले भने- दल नेता फेर्न लागेको हुँ, पार्टी फुटाउन होइन (भिडिओ)","सोमबार, साउन ८, २०८०",https://www.setopati.com/politics/307756,Setopati
34,0.83342034,एकै मन्त्रीको भागमा ५ मन्त्रालय!,"बिहीबार, असार १०, २०७८",https://www.setopati.com/politics/241419,Setopati
34,0.82915473,प्रधानमन्त्रीसहित गठबन्धनका नेता निजगढ विमानस्थलको निरीक्षण गर्न जाँदै,"शनिबार, असार १८, २०७९",https://www.setopati.com/politics/275728,Setopati
34,0.82404554,निजगढ अन्तर्राष्ट्रिय विमानस्थलको अबलोकन गर्न प्रधानमन्त्री सहितको टोली बारामा,"शनिबार, असार १८, २०७९",https://www.setopati.com/politics/275730,Setopati
34,0.8186732,सर्वोच्चको लिखित आदेश: निजगढमा अन्तर्राष्ट्रिय विमानस्थल बनाउने विकल्प खुला,"बुधबार, असार १५, २०७९",https://www.setopati.com/politics/275515,Setopati
34,0.81542057,यस्तो छ निजगढ विमानस्थलबारे सर्वोच्चको आदेश (पूर्णपाठ),"बुधबार, असार १५, २०७९",https://www.setopati.com/politics/275513,Setopati
35,0.8665251,प्रतिनिधि सभा विघटनविरूद्ध ५ विद्यार्थी संगठनले आज देशैभर प्रदर्शन गर्दै,"बुधबार, असार १६, २०७८",https://www.setopati.com/politics/241898,Setopati
35,0.8578425,तीनकुनेमा युवा संघ र अनेरास्ववियुको प्रदर्शन (तस्बिरहरू),"बिहीबार, मंसिर ७, २०८०",https://www.setopati.com/politics/316476,Setopati
35,0.8559159,सरकारको विरोधमा तरुण दलको प्रदर्शन,"बुधबार, असार १३, २०७५",https://www.setopati.com/politics/162502,Setopati
35,0.8217201,संसद विघटनविरुद्ध विवेकशीलको ऐना देखाएर विरोध प्रदर्शन,"शुक्रबार, पुस २४, २०७७",https://www.setopati.com/politics/225966,Setopati
35,0.801188,प्रतिनिधि सभा विघटनविरूद्ध ५ विद्यार्थी संगठन एकजुट,"आइतबार, जेठ ९, २०७८",https://www.setopati.com/politics/238359,Setopati
36,0.9249234,भोलि सार्वजनिक विदा,"बिहीबार, माघ २९, २०७७",https://www.setopati.com/politics/229042,Setopati
36,0.81426173,केन्द्रीय सुरक्षा समिति बैठक: राष्ट्रिय सभा निर्वाचनको सुरक्षाबारे छलफल,"आइतबार, पुस ११, २०७८",https://www.setopati.com/politics/257953,Setopati
36,0.8003787,जानकी नवमी मनाउन राष्ट्रपति भण्डारी जनकपुर आउने,"सोमबार, वैशाख ३०, २०७६",https://www.setopati.com/politics/180502,Setopati
37,0.9847489,कांग्रेस सांसद चन्द्र भण्डारीको स्वास्थ्यमा सुधार,"शुक्रबार, फागुन २६, २०७९",https://www.setopati.com/politics/296308,Setopati
37,0.98226917,कांग्रेस सांसद चन्द्र भण्डारी डिस्चार्ज,"शुक्रबार, भदौ १, २०८०",https://www.setopati.com/politics/309701,Setopati
37,0.9683087,"कांग्रेस सांसद चन्द्र भण्डारीको स्वास्थ्यमा सुधार, खान दिइयो सामान्य आहार","मंगलबार, चैत ७, २०७९",https://www.setopati.com/politics/297471,Setopati
37,0.94662887,कांग्रेस सांसद चन्द्र भण्डारीको स्वास्थ्यमा क्रमिक सुधार,"सोमबार, फागुन २२, २०७९",https://www.setopati.com/politics/296004,Setopati
37,0.9153609,कांग्रेस सांसद चन्द्र भण्डारीको स्वास्थ्यमा क्रमिक सुधार,"सोमबार, फागुन ८, २०७९",https://www.setopati.com/politics/294958,Setopati
37,0.9146419,कांग्रेस सांसद चन्द्र भण्डारीको स्वास्थ्यमा सुधार,"बुधबार, फागुन १०, २०७९",https://www.setopati.com/politics/295075,Setopati
37,0.8979391,"महराको रक्तचाप बढेपछि सिसियूमा भर्ना, एनजिओग्राम गरियो","शुक्रबार, कात्तिक १, २०७६",https://www.setopati.com/politics/191677,Setopati
37,0.89382905,"कांग्रेस सांसद चन्द्र भण्डारीको स्वास्थ्यमा क्रमिक सुधार, हिँडाउन थालियो","शुक्रबार, चैत २४, २०७९",https://www.setopati.com/politics/298939,Setopati
38,0.985425,सातै प्रदेश सभामा सत्ता गठबन्धन बहुमत उन्मुख,"शनिबार, मंसिर १०, २०७९",https://www.setopati.com/politics/288278,Setopati
38,0.9819422,पाँच महिनाअघि बारा-२ मा समानुपतिकतर्फ कसले कति मत ल्याएका थिए?,"मंगलबार, चैत २१, २०७९",https://www.setopati.com/politics/298692,Setopati
38,0.98008645,बागमती प्रदेश सभामा पाँच वर्षअघिको आधा सिट पनि जितेन एमालेले,"बिहीबार, मंसिर २२, २०७९",https://www.setopati.com/politics/289213,Setopati
38,0.9787963,गठबन्धनलाई हराउँदै प्रदेश १ मा एमालेका उम्मेदवार सोनाम ग्याल्जेन शेर्पा विजयी,"बुधबार, माघ १२, २०७८",https://www.setopati.com/politics/260643,Setopati
38,0.97364193,बारामा निरन्तर मतान्तर बढाउँदै उपेन्द्र यादव,"मंगलबार, वैशाख १२, २०८०",https://www.setopati.com/politics/300404,Setopati
38,0.9736373,"बारा-२ मा उपेन्द्र यादवलाई झन्डै ६ सय मतको अग्रता, रास्वपाका रमेश खरेल धेरै पछाडि","सोमबार, वैशाख ११, २०८०",https://www.setopati.com/politics/300360,Setopati
38,0.97131914,बारा-२ मा उपेन्द्र यादव ४५ सय मतले अगाडि,"मंगलबार, वैशाख १२, २०८०",https://www.setopati.com/politics/300418,Setopati
38,0.97131914,"बारामा उपेन्द्र यादवको अग्रता कायमै, रास्वपाका खरेल धेरै पछि","मंगलबार, वैशाख १२, २०८०",https://www.setopati.com/politics/300411,Setopati
39,0.9862647,राष्ट्रपतिको संविधान दिवस सन्देशः समाजवादउन्मुख अर्थतन्त्रमा मुलुक अघि बढिरहेको छ,"शुक्रबार, असोज ३, २०७६",https://www.setopati.com/politics/190177,Setopati
39,0.9840077,सन् २०१९ मा समृद्ध नेपाल सुखी नेपालीको अभियान सार्थक विन्दुमा पुग्छ: प्रधानमन्त्री ओली,"मंगलबार, पुस १७, २०७५",https://www.setopati.com/politics/172537,Setopati
39,0.98346114,"नयाँ वर्षमा जोश, उमंग र उत्साहसाथ काममा जुट्नुहोस्: प्रधानमन्त्री","बिहीबार, वैशाख १, २०७९",https://www.setopati.com/politics/267579,Setopati
39,0.98099536,"‘समृद्ध नेपाल, सुखी नेपाली’को लक्ष्य प्राप्तिमा एकजुट हुन प्रधानमन्त्रीको आह्वान","बुधबार, फागुन ७, २०७६",https://www.setopati.com/politics/199975,Setopati
39,0.96646607,विकास र समृद्धिको बाटोमा अघि बढ्ने हाम्रो साझा उद्देश्य हो: प्रधानमन्त्री देउवा,"आइतबार, जेठ १५, २०७९",https://www.setopati.com/politics/272553,Setopati
39,0.95913553,नेपाललाई विकसित राष्ट्रका रूपमा अगाडि बढाउनु गणतन्त्रको वास्तविक कार्यभार हो: राष्ट्रपति,"आइतबार, जेठ १५, २०७९",https://www.setopati.com/politics/272555,Setopati
39,0.9550255,बृहत्तर राष्ट्रिय सहमति आजको आवश्यकता: प्रधानमन्त्री प्रचण्ड (भिडिओ),"आइतबार, फागुन ७, २०७९",https://www.setopati.com/politics/294881,Setopati
39,0.95493996,संविधानले नेपालीलाई राष्ट्रिय एकताको सूत्रमा आबद्ध गरेको छ: राष्ट्रपति भण्डारी,"सोमबार, असोज ३, २०७९",https://www.setopati.com/politics/282823,Setopati
